UniversityName,xc,country,countrycode,region,incomegroup,iau_id,iau_id1,eng_name,orig_name,foundedyr,yrclosed,private01,year,students5_interpolated,students5_extrapolated,students5_estimated,ColorTitle,ColorCode
Ain Shams University,1950,egypt,EGY,Middle East and North Africa,Lower middle income,IAU-000211,IAU-000211-1,Ain Shams University,Ain Shams University,1950,,0,1950,,15197,15197,NULL,6AF688
Ain Shams University,1955,egypt,EGY,Middle East and North Africa,Lower middle income,IAU-000211,IAU-000211-1,Ain Shams University,Ain Shams University,1950,,0,1955,18982,18982,18982,NULL,6AF688
Ain Shams University,1960,egypt,EGY,Middle East and North Africa,Lower middle income,IAU-000211,IAU-000211-1,Ain Shams University,Ain Shams University,1950,,0,1960,23321,23321,23321,NULL,6AF688
Ain Shams University,1965,egypt,EGY,Middle East and North Africa,Lower middle income,IAU-000211,IAU-000211-1,Ain Shams University,Ain Shams University,1950,,0,1965,31075,31075,31075,NULL,6AF688
Ain Shams University,1970,egypt,EGY,Middle East and North Africa,Lower middle income,IAU-000211,IAU-000211-1,Ain Shams University,Ain Shams University,1950,,0,1970,39980,39980,39980,NULL,6AF688
Ain Shams University,1975,egypt,EGY,Middle East and North Africa,Lower middle income,IAU-000211,IAU-000211-1,Ain Shams University,Ain Shams University,1950,,0,1975,60542,60542,60542,NULL,6AF688
Ain Shams University,1980,egypt,EGY,Middle East and North Africa,Lower middle income,IAU-000211,IAU-000211-1,Ain Shams University,Ain Shams University,1950,,0,1980,87464,87464,87464,NULL,6AF688
Ain Shams University,1985,egypt,EGY,Middle East and North Africa,Lower middle income,IAU-000211,IAU-000211-1,Ain Shams University,Ain Shams University,1950,,0,1985,115213,115213,115213,NULL,6AF688
Ain Shams University,1990,egypt,EGY,Middle East and North Africa,Lower middle income,IAU-000211,IAU-000211-1,Ain Shams University,Ain Shams University,1950,,0,1990,104414,104414,104414,NULL,6AF688
Ain Shams University,1995,egypt,EGY,Middle East and North Africa,Lower middle income,IAU-000211,IAU-000211-1,Ain Shams University,Ain Shams University,1950,,0,1995,113506,113506,113506,NULL,6AF688
Ain Shams University,2000,egypt,EGY,Middle East and North Africa,Lower middle income,IAU-000211,IAU-000211-1,Ain Shams University,Ain Shams University,1950,,0,2000,129614,129614,129614,NULL,6AF688
Ain Shams University,2005,egypt,EGY,Middle East and North Africa,Lower middle income,IAU-000211,IAU-000211-1,Ain Shams University,Ain Shams University,1950,,0,2005,160947,160947,160947,NULL,6AF688
Ain Shams University,2010,egypt,EGY,Middle East and North Africa,Lower middle income,IAU-000211,IAU-000211-1,Ain Shams University,Ain Shams University,1950,,0,2010,178599,178599,178599,NULL,6AF688
Ain Shams University,2015,egypt,EGY,Middle East and North Africa,Lower middle income,IAU-000211,IAU-000211-1,Ain Shams University,Ain Shams University,1950,,0,2015,184813,184813,184813,NULL,6AF688
Ain Shams University,2020,egypt,EGY,Middle East and North Africa,Lower middle income,IAU-000211,IAU-000211-1,Ain Shams University,Ain Shams University,1950,,0,2020,188444,188444,188444,NULL,6AF688
Cairo University,1950,egypt,EGY,Middle East and North Africa,Lower middle income,IAU-001883,IAU-001883-2,Cairo University,Cairo University,1908,,0,1950,16114,16114,16114,NULL,056319
Cairo University,1955,egypt,EGY,Middle East and North Africa,Lower middle income,IAU-001883,IAU-001883-2,Cairo University,Cairo University,1908,,0,1955,22433,22433,22433,NULL,056319
Cairo University,1960,egypt,EGY,Middle East and North Africa,Lower middle income,IAU-001883,IAU-001883-2,Cairo University,Cairo University,1908,,0,1960,28506,28506,28506,NULL,056319
Cairo University,1965,egypt,EGY,Middle East and North Africa,Lower middle income,IAU-001883,IAU-001883-2,Cairo University,Cairo University,1908,,0,1965,44111,44111,44111,NULL,056319
Cairo University,1970,egypt,EGY,Middle East and North Africa,Lower middle income,IAU-001883,IAU-001883-2,Cairo University,Cairo University,1908,,0,1970,61763,61763,61763,NULL,056319
Cairo University,1975,egypt,EGY,Middle East and North Africa,Lower middle income,IAU-001883,IAU-001883-2,Cairo University,Cairo University,1908,,0,1975,65730,65730,65730,NULL,056319
Cairo University,1980,egypt,EGY,Middle East and North Africa,Lower middle income,IAU-001883,IAU-001883-2,Cairo University,Cairo University,1908,,0,1980,90083,90083,90083,NULL,056319
Cairo University,1985,egypt,EGY,Middle East and North Africa,Lower middle income,IAU-001883,IAU-001883-2,Cairo University,Cairo University,1908,,0,1985,106596,106596,106596,NULL,056319
Cairo University,1990,egypt,EGY,Middle East and North Africa,Lower middle income,IAU-001883,IAU-001883-2,Cairo University,Cairo University,1908,,0,1990,82712,82712,82712,NULL,056319
Cairo University,1995,egypt,EGY,Middle East and North Africa,Lower middle income,IAU-001883,IAU-001883-2,Cairo University,Cairo University,1908,,0,1995,89110,89110,89110,NULL,056319
Cairo University,2000,egypt,EGY,Middle East and North Africa,Lower middle income,IAU-001883,IAU-001883-2,Cairo University,Cairo University,1908,,0,2000,112037,112037,112037,NULL,056319
Cairo University,2005,egypt,EGY,Middle East and North Africa,Lower middle income,IAU-001883,IAU-001883-2,Cairo University,Cairo University,1908,,0,2005,191116,191116,191116,NULL,056319
Cairo University,2010,egypt,EGY,Middle East and North Africa,Lower middle income,IAU-001883,IAU-001883-2,Cairo University,Cairo University,1908,,0,2010,210819,210819,210819,NULL,056319
Cairo University,2015,egypt,EGY,Middle East and North Africa,Lower middle income,IAU-001883,IAU-001883-2,Cairo University,Cairo University,1908,,0,2015,219471,219471,219471,NULL,056319
Cairo University,2020,egypt,EGY,Middle East and North Africa,Lower middle income,IAU-001883,IAU-001883-2,Cairo University,Cairo University,1908,,0,2020,228123,228123,228123,NULL,056319
Cnam,1950,france,FRA,Europe and Central Asia,High income,IAU-003183,IAU-003183-1,Cnam,Conservatoire National des Arts et Mï¿½ï¿½tiers,1794,,0,1950,,44994,44994,NULL,6467F1
Cnam,1955,france,FRA,Europe and Central Asia,High income,IAU-003183,IAU-003183-1,Cnam,Conservatoire National des Arts et Mï¿½ï¿½tiers,1794,,0,1955,,40371,40371,NULL,6467F1
Cnam,1960,france,FRA,Europe and Central Asia,High income,IAU-003183,IAU-003183-1,Cnam,Conservatoire National des Arts et Mï¿½ï¿½tiers,1794,,0,1960,40574,40574,40574,NULL,6467F1
Cnam,1965,france,FRA,Europe and Central Asia,High income,IAU-003183,IAU-003183-1,Cnam,Conservatoire National des Arts et Mï¿½ï¿½tiers,1794,,0,1965,29415,29415,29415,NULL,6467F1
Cnam,1970,france,FRA,Europe and Central Asia,High income,IAU-003183,IAU-003183-1,Cnam,Conservatoire National des Arts et Mï¿½ï¿½tiers,1794,,0,1970,24035,24035,24035,NULL,6467F1
Cnam,1975,france,FRA,Europe and Central Asia,High income,IAU-003183,IAU-003183-1,Cnam,Conservatoire National des Arts et Mï¿½ï¿½tiers,1794,,0,1975,38058,38058,38058,NULL,6467F1
Cnam,1980,france,FRA,Europe and Central Asia,High income,IAU-003183,IAU-003183-1,Cnam,Conservatoire National des Arts et Mï¿½ï¿½tiers,1794,,0,1980,50985,50985,50985,NULL,6467F1
Cnam,1985,france,FRA,Europe and Central Asia,High income,IAU-003183,IAU-003183-1,Cnam,Conservatoire National des Arts et Mï¿½ï¿½tiers,1794,,0,1985,74501,74501,74501,NULL,6467F1
Cnam,1990,france,FRA,Europe and Central Asia,High income,IAU-003183,IAU-003183-1,Cnam,Conservatoire National des Arts et Mï¿½ï¿½tiers,1794,,0,1990,86112,86112,86112,NULL,6467F1
Cnam,1995,france,FRA,Europe and Central Asia,High income,IAU-003183,IAU-003183-1,Cnam,Conservatoire National des Arts et Mï¿½ï¿½tiers,1794,,0,1995,79635,79635,79635,NULL,6467F1
Cnam,2000,france,FRA,Europe and Central Asia,High income,IAU-003183,IAU-003183-1,Cnam,Conservatoire National des Arts et Mï¿½ï¿½tiers,1794,,0,2000,73157,73157,73157,NULL,6467F1
Cnam,2005,france,FRA,Europe and Central Asia,High income,IAU-003183,IAU-003183-1,Cnam,Conservatoire National des Arts et Mï¿½ï¿½tiers,1794,,0,2005,75118,75118,75118,NULL,6467F1
Cnam,2010,france,FRA,Europe and Central Asia,High income,IAU-003183,IAU-003183-1,Cnam,Conservatoire National des Arts et Mï¿½ï¿½tiers,1794,,0,2010,91666,91666,91666,NULL,6467F1
Cnam,2015,france,FRA,Europe and Central Asia,High income,IAU-003183,IAU-003183-1,Cnam,Conservatoire National des Arts et Mï¿½ï¿½tiers,1794,,0,2015,89939,89939,89939,NULL,6467F1
Cnam,2020,france,FRA,Europe and Central Asia,High income,IAU-003183,IAU-003183-1,Cnam,Conservatoire National des Arts et Mï¿½ï¿½tiers,1794,,0,2020,62350,62350,62350,NULL,6467F1
Makerere University,1950,uganda,UGA,Sub-Saharan Africa,Low income,IAU-011313,IAU-011313-1,Makerere University,(Mak),1922,,0,1950,5673,5673,5673,NULL,F79DDA
Makerere University,1955,uganda,UGA,Sub-Saharan Africa,Low income,IAU-011313,IAU-011313-1,Makerere University,(Mak),1922,,0,1955,1185,1185,1185,NULL,F79DDA
Makerere University,1960,uganda,UGA,Sub-Saharan Africa,Low income,IAU-011313,IAU-011313-1,Makerere University,(Mak),1922,,0,1960,602,602,602,NULL,F79DDA
Makerere University,1965,uganda,UGA,Sub-Saharan Africa,Low income,IAU-011313,IAU-011313-1,Makerere University,(Mak),1922,,0,1965,1094,1094,1094,NULL,F79DDA
Makerere University,1970,uganda,UGA,Sub-Saharan Africa,Low income,IAU-011313,IAU-011313-1,Makerere University,(Mak),1922,,0,1970,1780,1780,1780,NULL,F79DDA
Makerere University,1975,uganda,UGA,Sub-Saharan Africa,Low income,IAU-011313,IAU-011313-1,Makerere University,(Mak),1922,,0,1975,3396,3396,3396,NULL,F79DDA
Makerere University,1980,uganda,UGA,Sub-Saharan Africa,Low income,IAU-011313,IAU-011313-1,Makerere University,(Mak),1922,,0,1980,3728,3728,3728,NULL,F79DDA
Makerere University,1985,uganda,UGA,Sub-Saharan Africa,Low income,IAU-011313,IAU-011313-1,Makerere University,(Mak),1922,,0,1985,5243,5243,5243,NULL,F79DDA
Makerere University,1990,uganda,UGA,Sub-Saharan Africa,Low income,IAU-011313,IAU-011313-1,Makerere University,(Mak),1922,,0,1990,6740,6740,6740,NULL,F79DDA
Makerere University,1995,uganda,UGA,Sub-Saharan Africa,Low income,IAU-011313,IAU-011313-1,Makerere University,(Mak),1922,,0,1995,7716,7716,7716,NULL,F79DDA
Makerere University,2000,uganda,UGA,Sub-Saharan Africa,Low income,IAU-011313,IAU-011313-1,Makerere University,(Mak),1922,,0,2000,15929,15929,15929,NULL,F79DDA
Makerere University,2005,uganda,UGA,Sub-Saharan Africa,Low income,IAU-011313,IAU-011313-1,Makerere University,(Mak),1922,,0,2005,27219,27219,27219,NULL,F79DDA
Makerere University,2010,uganda,UGA,Sub-Saharan Africa,Low income,IAU-011313,IAU-011313-1,Makerere University,(Mak),1922,,0,2010,36300,36300,36300,NULL,F79DDA
Makerere University,2015,uganda,UGA,Sub-Saharan Africa,Low income,IAU-011313,IAU-011313-1,Makerere University,(Mak),1922,,0,2015,37500,37500,37500,NULL,F79DDA
Makerere University,2020,uganda,UGA,Sub-Saharan Africa,Low income,IAU-011313,IAU-011313-1,Makerere University,(Mak),1922,,0,2020,35000,35000,35000,NULL,F79DDA
Meiji University,1950,japan,JPN,East Asia and Pacific,High income,IAU-011542,IAU-011542-1,Meiji University,Meiji Daigaku,1881,,1,1950,,27373,27373,NULL,F28D93
Meiji University,1955,japan,JPN,East Asia and Pacific,High income,IAU-011542,IAU-011542-1,Meiji University,Meiji Daigaku,1881,,1,1955,,27962,27962,NULL,F28D93
Meiji University,1960,japan,JPN,East Asia and Pacific,High income,IAU-011542,IAU-011542-1,Meiji University,Meiji Daigaku,1881,,1,1960,31400,31400,31400,NULL,F28D93
Meiji University,1965,japan,JPN,East Asia and Pacific,High income,IAU-011542,IAU-011542-1,Meiji University,Meiji Daigaku,1881,,1,1965,32604,32604,32604,NULL,F28D93
Meiji University,1970,japan,JPN,East Asia and Pacific,High income,IAU-011542,IAU-011542-1,Meiji University,Meiji Daigaku,1881,,1,1970,32073,32073,32073,NULL,F28D93
Meiji University,1975,japan,JPN,East Asia and Pacific,High income,IAU-011542,IAU-011542-1,Meiji University,Meiji Daigaku,1881,,1,1975,33082,33082,33082,NULL,F28D93
Meiji University,1980,japan,JPN,East Asia and Pacific,High income,IAU-011542,IAU-011542-1,Meiji University,Meiji Daigaku,1881,,1,1980,32290,32290,32290,NULL,F28D93
Meiji University,1985,japan,JPN,East Asia and Pacific,High income,IAU-011542,IAU-011542-1,Meiji University,Meiji Daigaku,1881,,1,1985,33308,33308,33308,NULL,F28D93
Meiji University,1990,japan,JPN,East Asia and Pacific,High income,IAU-011542,IAU-011542-1,Meiji University,Meiji Daigaku,1881,,1,1990,32079,32079,32079,NULL,F28D93
Meiji University,1995,japan,JPN,East Asia and Pacific,High income,IAU-011542,IAU-011542-1,Meiji University,Meiji Daigaku,1881,,1,1995,33015,33015,33015,NULL,F28D93
Meiji University,2000,japan,JPN,East Asia and Pacific,High income,IAU-011542,IAU-011542-1,Meiji University,Meiji Daigaku,1881,,1,2000,32427,32427,32427,NULL,F28D93
Meiji University,2005,japan,JPN,East Asia and Pacific,High income,IAU-011542,IAU-011542-1,Meiji University,Meiji Daigaku,1881,,1,2005,32544,32544,32544,NULL,F28D93
Meiji University,2010,japan,JPN,East Asia and Pacific,High income,IAU-011542,IAU-011542-1,Meiji University,Meiji Daigaku,1881,,1,2010,29660,29660,29660,NULL,F28D93
Meiji University,2015,japan,JPN,East Asia and Pacific,High income,IAU-011542,IAU-011542-1,Meiji University,Meiji Daigaku,1881,,1,2015,30256,30256,30256,NULL,F28D93
Meiji University,2020,japan,JPN,East Asia and Pacific,High income,IAU-011542,IAU-011542-1,Meiji University,Meiji Daigaku,1881,,1,2020,30775,30775,30775,NULL,F28D93
National Polytechnic Institute,1950,mexico,MEX,Latin America and Caribbean,Upper middle income,IAU-008823,IAU-008823-1,National Polytechnic Institute,,1936,,0,1950,,29576,29576,Orange                        ,F7A77A
National Polytechnic Institute,1955,mexico,MEX,Latin America and Caribbean,Upper middle income,IAU-008823,IAU-008823-1,National Polytechnic Institute,,1936,,0,1955,,23743,23743,Orange                        ,F7A77A
National Polytechnic Institute,1960,mexico,MEX,Latin America and Caribbean,Upper middle income,IAU-008823,IAU-008823-1,National Polytechnic Institute,,1936,,0,1960,26320,26320,26320,Orange                        ,F7A77A
National Polytechnic Institute,1965,mexico,MEX,Latin America and Caribbean,Upper middle income,IAU-008823,IAU-008823-1,National Polytechnic Institute,,1936,,0,1965,24692,24692,24692,Orange                        ,F7A77A
National Polytechnic Institute,1970,mexico,MEX,Latin America and Caribbean,Upper middle income,IAU-008823,IAU-008823-1,National Polytechnic Institute,,1936,,0,1970,62860,62860,62860,Orange                        ,F7A77A
National Polytechnic Institute,1975,mexico,MEX,Latin America and Caribbean,Upper middle income,IAU-008823,IAU-008823-1,National Polytechnic Institute,,1936,,0,1975,109230,109230,109230,Orange                        ,F7A77A
National Polytechnic Institute,1980,mexico,MEX,Latin America and Caribbean,Upper middle income,IAU-008823,IAU-008823-1,National Polytechnic Institute,,1936,,0,1980,135589,135589,135589,Orange                        ,F7A77A
National Polytechnic Institute,1985,mexico,MEX,Latin America and Caribbean,Upper middle income,IAU-008823,IAU-008823-1,National Polytechnic Institute,,1936,,0,1985,158847,158847,158847,Orange                        ,F7A77A
National Polytechnic Institute,1990,mexico,MEX,Latin America and Caribbean,Upper middle income,IAU-008823,IAU-008823-1,National Polytechnic Institute,,1936,,0,1990,159385,159385,159385,Orange                        ,F7A77A
National Polytechnic Institute,1995,mexico,MEX,Latin America and Caribbean,Upper middle income,IAU-008823,IAU-008823-1,National Polytechnic Institute,,1936,,0,1995,116075,116075,116075,Orange                        ,F7A77A
National Polytechnic Institute,2000,mexico,MEX,Latin America and Caribbean,Upper middle income,IAU-008823,IAU-008823-1,National Polytechnic Institute,,1936,,0,2000,121023,121023,121023,Orange                        ,F7A77A
National Polytechnic Institute,2005,mexico,MEX,Latin America and Caribbean,Upper middle income,IAU-008823,IAU-008823-1,National Polytechnic Institute,,1936,,0,2005,134847,134847,134847,Orange                        ,F7A77A
National Polytechnic Institute,2010,mexico,MEX,Latin America and Caribbean,Upper middle income,IAU-008823,IAU-008823-1,National Polytechnic Institute,,1936,,0,2010,148671,148671,148671,Orange                        ,F7A77A
National Polytechnic Institute,2015,mexico,MEX,Latin America and Caribbean,Upper middle income,IAU-008823,IAU-008823-1,National Polytechnic Institute,,1936,,0,2015,159731,159731,159731,Orange                        ,F7A77A
National Polytechnic Institute,2020,mexico,MEX,Latin America and Caribbean,Upper middle income,IAU-008823,IAU-008823-1,National Polytechnic Institute,,1936,,0,2020,,182859,182859,Orange                        ,F7A77A
National University Of La Plata,1950,argentina,ARG,Latin America and Caribbean,Upper middle income,IAU-018045,IAU-018045-1,National University Of La Plata,Universidad Nacional de La Plata (UNLP),1884,,0,1950,,32664,32664,Orange                        ,F5892A
National University Of La Plata,1955,argentina,ARG,Latin America and Caribbean,Upper middle income,IAU-018045,IAU-018045-1,National University Of La Plata,Universidad Nacional de La Plata (UNLP),1884,,0,1955,,57495,57495,Orange                        ,F5892A
National University Of La Plata,1960,argentina,ARG,Latin America and Caribbean,Upper middle income,IAU-018045,IAU-018045-1,National University Of La Plata,Universidad Nacional de La Plata (UNLP),1884,,0,1960,,50285,50285,Orange                        ,F5892A
National University Of La Plata,1965,argentina,ARG,Latin America and Caribbean,Upper middle income,IAU-018045,IAU-018045-1,National University Of La Plata,Universidad Nacional de La Plata (UNLP),1884,,0,1965,43248,43248,43248,Orange                        ,F5892A
National University Of La Plata,1970,argentina,ARG,Latin America and Caribbean,Upper middle income,IAU-018045,IAU-018045-1,National University Of La Plata,Universidad Nacional de La Plata (UNLP),1884,,0,1970,25311,25311,25311,Orange                        ,F5892A
National University Of La Plata,1975,argentina,ARG,Latin America and Caribbean,Upper middle income,IAU-018045,IAU-018045-1,National University Of La Plata,Universidad Nacional de La Plata (UNLP),1884,,0,1975,24666,24666,24666,Orange                        ,F5892A
National University Of La Plata,1980,argentina,ARG,Latin America and Caribbean,Upper middle income,IAU-018045,IAU-018045-1,National University Of La Plata,Universidad Nacional de La Plata (UNLP),1884,,0,1980,27333,27333,27333,Orange                        ,F5892A
National University Of La Plata,1985,argentina,ARG,Latin America and Caribbean,Upper middle income,IAU-018045,IAU-018045-1,National University Of La Plata,Universidad Nacional de La Plata (UNLP),1884,,0,1985,30879,30879,30879,Orange                        ,F5892A
National University Of La Plata,1990,argentina,ARG,Latin America and Caribbean,Upper middle income,IAU-018045,IAU-018045-1,National University Of La Plata,Universidad Nacional de La Plata (UNLP),1884,,0,1990,40000,40000,40000,Orange                        ,F5892A
National University Of La Plata,1995,argentina,ARG,Latin America and Caribbean,Upper middle income,IAU-018045,IAU-018045-1,National University Of La Plata,Universidad Nacional de La Plata (UNLP),1884,,0,1995,50445,50445,50445,Orange                        ,F5892A
National University Of La Plata,2000,argentina,ARG,Latin America and Caribbean,Upper middle income,IAU-018045,IAU-018045-1,National University Of La Plata,Universidad Nacional de La Plata (UNLP),1884,,0,2000,63711,63711,63711,Orange                        ,F5892A
National University Of La Plata,2005,argentina,ARG,Latin America and Caribbean,Upper middle income,IAU-018045,IAU-018045-1,National University Of La Plata,Universidad Nacional de La Plata (UNLP),1884,,0,2005,77423,77423,77423,Orange                        ,F5892A
National University Of La Plata,2010,argentina,ARG,Latin America and Caribbean,Upper middle income,IAU-018045,IAU-018045-1,National University Of La Plata,Universidad Nacional de La Plata (UNLP),1884,,0,2010,91625,91625,91625,Orange                        ,F5892A
National University Of La Plata,2015,argentina,ARG,Latin America and Caribbean,Upper middle income,IAU-018045,IAU-018045-1,National University Of La Plata,Universidad Nacional de La Plata (UNLP),1884,,0,2015,105272,105272,105272,Orange                        ,F5892A
National University Of La Plata,2020,argentina,ARG,Latin America and Caribbean,Upper middle income,IAU-018045,IAU-018045-1,National University Of La Plata,Universidad Nacional de La Plata (UNLP),1884,,0,2020,96220,96220,96220,Orange                        ,F5892A
Nihon University,1950,japan,JPN,East Asia and Pacific,High income,IAU-012679,IAU-012679-1,Nihon University,Nihon Daigaku (NU),1889,,1,1950,,52420,52420,NULL,A70D17
Nihon University,1955,japan,JPN,East Asia and Pacific,High income,IAU-012679,IAU-012679-1,Nihon University,Nihon Daigaku (NU),1889,,1,1955,,54724,54724,NULL,A70D17
Nihon University,1960,japan,JPN,East Asia and Pacific,High income,IAU-012679,IAU-012679-1,Nihon University,Nihon Daigaku (NU),1889,,1,1960,62408,62408,62408,NULL,A70D17
Nihon University,1965,japan,JPN,East Asia and Pacific,High income,IAU-012679,IAU-012679-1,Nihon University,Nihon Daigaku (NU),1889,,1,1965,66101,66101,66101,NULL,A70D17
Nihon University,1970,japan,JPN,East Asia and Pacific,High income,IAU-012679,IAU-012679-1,Nihon University,Nihon Daigaku (NU),1889,,1,1970,69722,69722,69722,NULL,A70D17
Nihon University,1975,japan,JPN,East Asia and Pacific,High income,IAU-012679,IAU-012679-1,Nihon University,Nihon Daigaku (NU),1889,,1,1975,80088,80088,80088,NULL,A70D17
Nihon University,1980,japan,JPN,East Asia and Pacific,High income,IAU-012679,IAU-012679-1,Nihon University,Nihon Daigaku (NU),1889,,1,1980,92656,92656,92656,NULL,A70D17
Nihon University,1985,japan,JPN,East Asia and Pacific,High income,IAU-012679,IAU-012679-1,Nihon University,Nihon Daigaku (NU),1889,,1,1985,80661,80661,80661,NULL,A70D17
Nihon University,1990,japan,JPN,East Asia and Pacific,High income,IAU-012679,IAU-012679-1,Nihon University,Nihon Daigaku (NU),1889,,1,1990,79588,79588,79588,NULL,A70D17
Nihon University,1995,japan,JPN,East Asia and Pacific,High income,IAU-012679,IAU-012679-1,Nihon University,Nihon Daigaku (NU),1889,,1,1995,71507,71507,71507,NULL,A70D17
Nihon University,2000,japan,JPN,East Asia and Pacific,High income,IAU-012679,IAU-012679-1,Nihon University,Nihon Daigaku (NU),1889,,1,2000,77757,77757,77757,NULL,A70D17
Nihon University,2005,japan,JPN,East Asia and Pacific,High income,IAU-012679,IAU-012679-1,Nihon University,Nihon Daigaku (NU),1889,,1,2005,82238,82238,82238,NULL,A70D17
Nihon University,2010,japan,JPN,East Asia and Pacific,High income,IAU-012679,IAU-012679-1,Nihon University,Nihon Daigaku (NU),1889,,1,2010,79859,79859,79859,NULL,A70D17
Nihon University,2015,japan,JPN,East Asia and Pacific,High income,IAU-012679,IAU-012679-1,Nihon University,Nihon Daigaku (NU),1889,,1,2015,78726,78726,78726,NULL,A70D17
Nihon University,2020,japan,JPN,East Asia and Pacific,High income,IAU-012679,IAU-012679-1,Nihon University,Nihon Daigaku (NU),1889,,1,2020,74236,74236,74236,NULL,A70D17
Northeastern University,1950,united states,USA,North America,High income,IAU-012814,IAU-012814-1,Northeastern University,Northeastern University,1898,,1,1950,,42202,42202,NULL,B86BED
Northeastern University,1955,united states,USA,North America,High income,IAU-012814,IAU-012814-1,Northeastern University,Northeastern University,1898,,1,1955,,40970,40970,NULL,B86BED
Northeastern University,1960,united states,USA,North America,High income,IAU-012814,IAU-012814-1,Northeastern University,Northeastern University,1898,,1,1960,,39667,39667,NULL,B86BED
Northeastern University,1965,united states,USA,North America,High income,IAU-012814,IAU-012814-1,Northeastern University,Northeastern University,1898,,1,1965,,38568,38568,NULL,B86BED
Northeastern University,1970,united states,USA,North America,High income,IAU-012814,IAU-012814-1,Northeastern University,Northeastern University,1898,,1,1970,37486,37486,37486,NULL,B86BED
Northeastern University,1975,united states,USA,North America,High income,IAU-012814,IAU-012814-1,Northeastern University,Northeastern University,1898,,1,1975,36449,36449,36449,NULL,B86BED
Northeastern University,1980,united states,USA,North America,High income,IAU-012814,IAU-012814-1,Northeastern University,Northeastern University,1898,,1,1980,39905,39905,39905,NULL,B86BED
Northeastern University,1985,united states,USA,North America,High income,IAU-012814,IAU-012814-1,Northeastern University,Northeastern University,1898,,1,1985,35672,35672,35672,NULL,B86BED
Northeastern University,1990,united states,USA,North America,High income,IAU-012814,IAU-012814-1,Northeastern University,Northeastern University,1898,,1,1990,32543,32543,32543,NULL,B86BED
Northeastern University,1995,united states,USA,North America,High income,IAU-012814,IAU-012814-1,Northeastern University,Northeastern University,1898,,1,1995,27204,27204,27204,NULL,B86BED
Northeastern University,2000,united states,USA,North America,High income,IAU-012814,IAU-012814-1,Northeastern University,Northeastern University,1898,,1,2000,22876,22876,22876,NULL,B86BED
Northeastern University,2005,united states,USA,North America,High income,IAU-012814,IAU-012814-1,Northeastern University,Northeastern University,1898,,1,2005,21737,21737,21737,NULL,B86BED
Northeastern University,2010,united states,USA,North America,High income,IAU-012814,IAU-012814-1,Northeastern University,Northeastern University,1898,,1,2010,21832,21832,21832,NULL,B86BED
Northeastern University,2015,united states,USA,North America,High income,IAU-012814,IAU-012814-1,Northeastern University,Northeastern University,1898,,1,2015,20008,20008,20008,NULL,B86BED
Northeastern University,2020,united states,USA,North America,High income,IAU-012814,IAU-012814-1,Northeastern University,Northeastern University,1898,,1,2020,25747,25747,25747,NULL,B86BED
Panjab University,1950,india,IND,South Asia,Lower middle income,IAU-013330,IAU-013330-1,Panjab University,(PU),1882,,0,1950,,33358,33358,NULL,FFF300
Panjab University,1955,india,IND,South Asia,Lower middle income,IAU-013330,IAU-013330-1,Panjab University,(PU),1882,,0,1955,42498,42498,42498,NULL,FFF300
Panjab University,1960,india,IND,South Asia,Lower middle income,IAU-013330,IAU-013330-1,Panjab University,(PU),1882,,0,1960,61597,61597,61597,NULL,FFF300
Panjab University,1965,india,IND,South Asia,Lower middle income,IAU-013330,IAU-013330-1,Panjab University,(PU),1882,,0,1965,66925,66925,66925,NULL,FFF300
Panjab University,1970,india,IND,South Asia,Lower middle income,IAU-013330,IAU-013330-1,Panjab University,(PU),1882,,0,1970,121848,121848,121848,NULL,FFF300
Panjab University,1975,india,IND,South Asia,Lower middle income,IAU-013330,IAU-013330-1,Panjab University,(PU),1882,,0,1975,130382,130382,130382,NULL,FFF300
Panjab University,1980,india,IND,South Asia,Lower middle income,IAU-013330,IAU-013330-1,Panjab University,(PU),1882,,0,1980,85334,85334,85334,NULL,FFF300
Panjab University,1985,india,IND,South Asia,Lower middle income,IAU-013330,IAU-013330-1,Panjab University,(PU),1882,,0,1985,66093,66093,66093,NULL,FFF300
Panjab University,1990,india,IND,South Asia,Lower middle income,IAU-013330,IAU-013330-1,Panjab University,(PU),1882,,0,1990,53906,53906,53906,NULL,FFF300
Panjab University,1995,india,IND,South Asia,Lower middle income,IAU-013330,IAU-013330-1,Panjab University,(PU),1882,,0,1995,51171,51171,51171,NULL,FFF300
Panjab University,2000,india,IND,South Asia,Lower middle income,IAU-013330,IAU-013330-1,Panjab University,(PU),1882,,0,2000,41838,41838,41838,NULL,FFF300
Panjab University,2005,india,IND,South Asia,Lower middle income,IAU-013330,IAU-013330-1,Panjab University,(PU),1882,,0,2005,31196,31196,31196,NULL,FFF300
Panjab University,2010,india,IND,South Asia,Lower middle income,IAU-013330,IAU-013330-1,Panjab University,(PU),1882,,0,2010,21404,21404,21404,NULL,FFF300
Panjab University,2015,india,IND,South Asia,Lower middle income,IAU-013330,IAU-013330-1,Panjab University,(PU),1882,,0,2015,17956,17956,17956,NULL,FFF300
Panjab University,2020,india,IND,South Asia,Lower middle income,IAU-013330,IAU-013330-1,Panjab University,(PU),1882,,0,2020,18766,18766,18766,NULL,FFF300
San Diego State University,1950,united states,USA,North America,High income,IAU-014391,IAU-014391-1,San Diego State University,San Diego State University,1897,,0,1950,,34077,34077,NULL,DEC4F0
San Diego State University,1955,united states,USA,North America,High income,IAU-014391,IAU-014391-1,San Diego State University,San Diego State University,1897,,0,1955,,34214,34214,NULL,DEC4F0
San Diego State University,1960,united states,USA,North America,High income,IAU-014391,IAU-014391-1,San Diego State University,San Diego State University,1897,,0,1960,,34846,34846,NULL,DEC4F0
San Diego State University,1965,united states,USA,North America,High income,IAU-014391,IAU-014391-1,San Diego State University,San Diego State University,1897,,0,1965,,34737,34737,NULL,DEC4F0
San Diego State University,1970,united states,USA,North America,High income,IAU-014391,IAU-014391-1,San Diego State University,San Diego State University,1897,,0,1970,34629,34629,34629,NULL,DEC4F0
San Diego State University,1975,united states,USA,North America,High income,IAU-014391,IAU-014391-1,San Diego State University,San Diego State University,1897,,0,1975,34273,34273,34273,NULL,DEC4F0
San Diego State University,1980,united states,USA,North America,High income,IAU-014391,IAU-014391-1,San Diego State University,San Diego State University,1897,,0,1980,35389,35389,35389,NULL,DEC4F0
San Diego State University,1985,united states,USA,North America,High income,IAU-014391,IAU-014391-1,San Diego State University,San Diego State University,1897,,0,1985,34022,34022,34022,NULL,DEC4F0
San Diego State University,1990,united states,USA,North America,High income,IAU-014391,IAU-014391-1,San Diego State University,San Diego State University,1897,,0,1990,32979,32979,32979,NULL,DEC4F0
San Diego State University,1995,united states,USA,North America,High income,IAU-014391,IAU-014391-1,San Diego State University,San Diego State University,1897,,0,1995,25994,25994,25994,NULL,DEC4F0
San Diego State University,2000,united states,USA,North America,High income,IAU-014391,IAU-014391-1,San Diego State University,San Diego State University,1897,,0,2000,28918,28918,28918,NULL,DEC4F0
San Diego State University,2005,united states,USA,North America,High income,IAU-014391,IAU-014391-1,San Diego State University,San Diego State University,1897,,0,2005,29382,29382,29382,NULL,DEC4F0
San Diego State University,2010,united states,USA,North America,High income,IAU-014391,IAU-014391-1,San Diego State University,San Diego State University,1897,,0,2010,29485,29485,29485,NULL,DEC4F0
San Diego State University,2015,united states,USA,North America,High income,IAU-014391,IAU-014391-1,San Diego State University,San Diego State University,1897,,0,2015,30147,30147,30147,NULL,DEC4F0
San Diego State University,2020,united states,USA,North America,High income,IAU-014391,IAU-014391-1,San Diego State University,San Diego State University,1897,,0,2020,34505,34505,34505,NULL,DEC4F0
Thammasat University,1950,thailand,THA,East Asia and Pacific,Upper middle income,IAU-011295,IAU-011295-1,Thammasat University,Mahawithayalai Thammasat (TU),1934,,0,1950,,26779,26779,NULL,E01429
Thammasat University,1955,thailand,THA,East Asia and Pacific,Upper middle income,IAU-011295,IAU-011295-1,Thammasat University,Mahawithayalai Thammasat (TU),1934,,0,1955,,26479,26479,NULL,E01429
Thammasat University,1960,thailand,THA,East Asia and Pacific,Upper middle income,IAU-011295,IAU-011295-1,Thammasat University,Mahawithayalai Thammasat (TU),1934,,0,1960,29643,29643,29643,NULL,E01429
Thammasat University,1965,thailand,THA,East Asia and Pacific,Upper middle income,IAU-011295,IAU-011295-1,Thammasat University,Mahawithayalai Thammasat (TU),1934,,0,1965,28320,28320,28320,NULL,E01429
Thammasat University,1970,thailand,THA,East Asia and Pacific,Upper middle income,IAU-011295,IAU-011295-1,Thammasat University,Mahawithayalai Thammasat (TU),1934,,0,1970,20223,20223,20223,NULL,E01429
Thammasat University,1975,thailand,THA,East Asia and Pacific,Upper middle income,IAU-011295,IAU-011295-1,Thammasat University,Mahawithayalai Thammasat (TU),1934,,0,1975,11903,11903,11903,NULL,E01429
Thammasat University,1980,thailand,THA,East Asia and Pacific,Upper middle income,IAU-011295,IAU-011295-1,Thammasat University,Mahawithayalai Thammasat (TU),1934,,0,1980,10684,10684,10684,NULL,E01429
Thammasat University,1985,thailand,THA,East Asia and Pacific,Upper middle income,IAU-011295,IAU-011295-1,Thammasat University,Mahawithayalai Thammasat (TU),1934,,0,1985,10486,10486,10486,NULL,E01429
Thammasat University,1990,thailand,THA,East Asia and Pacific,Upper middle income,IAU-011295,IAU-011295-1,Thammasat University,Mahawithayalai Thammasat (TU),1934,,0,1990,12485,12485,12485,NULL,E01429
Thammasat University,1995,thailand,THA,East Asia and Pacific,Upper middle income,IAU-011295,IAU-011295-1,Thammasat University,Mahawithayalai Thammasat (TU),1934,,0,1995,15177,15177,15177,NULL,E01429
Thammasat University,2000,thailand,THA,East Asia and Pacific,Upper middle income,IAU-011295,IAU-011295-1,Thammasat University,Mahawithayalai Thammasat (TU),1934,,0,2000,19866,19866,19866,NULL,E01429
Thammasat University,2005,thailand,THA,East Asia and Pacific,Upper middle income,IAU-011295,IAU-011295-1,Thammasat University,Mahawithayalai Thammasat (TU),1934,,0,2005,24154,24154,24154,NULL,E01429
Thammasat University,2010,thailand,THA,East Asia and Pacific,Upper middle income,IAU-011295,IAU-011295-1,Thammasat University,Mahawithayalai Thammasat (TU),1934,,0,2010,28327,28327,28327,NULL,E01429
Thammasat University,2015,thailand,THA,East Asia and Pacific,Upper middle income,IAU-011295,IAU-011295-1,Thammasat University,Mahawithayalai Thammasat (TU),1934,,0,2015,32085,32085,32085,NULL,E01429
Thammasat University,2020,thailand,THA,East Asia and Pacific,Upper middle income,IAU-011295,IAU-011295-1,Thammasat University,Mahawithayalai Thammasat (TU),1934,,0,2020,33218,33218,33218,NULL,E01429
The M.L Sultan Technical College (M.L. Sultan Technikon),1950,south africa,ZAF,Sub-Saharan Africa,Upper middle income,IAU-003931,IAU-003931-1,The M.L Sultan Technical College (M.L. Sultan Technikon),,1946,,0,1950,,8356,8356,NULL,CD028C
The M.L Sultan Technical College (M.L. Sultan Technikon),1955,south africa,ZAF,Sub-Saharan Africa,Upper middle income,IAU-003931,IAU-003931-1,The M.L Sultan Technical College (M.L. Sultan Technikon),,1946,,0,1955,,5859,5859,NULL,CD028C
The M.L Sultan Technical College (M.L. Sultan Technikon),1960,south africa,ZAF,Sub-Saharan Africa,Upper middle income,IAU-003931,IAU-003931-1,The M.L Sultan Technical College (M.L. Sultan Technikon),,1946,,0,1960,5494,5494,5494,NULL,CD028C
The M.L Sultan Technical College (M.L. Sultan Technikon),1965,south africa,ZAF,Sub-Saharan Africa,Upper middle income,IAU-003931,IAU-003931-1,The M.L Sultan Technical College (M.L. Sultan Technikon),,1946,,0,1965,4063,4063,4063,NULL,CD028C
The M.L Sultan Technical College (M.L. Sultan Technikon),1970,south africa,ZAF,Sub-Saharan Africa,Upper middle income,IAU-003931,IAU-003931-1,The M.L Sultan Technical College (M.L. Sultan Technikon),,1946,,0,1970,5604,5604,5604,NULL,CD028C
The M.L Sultan Technical College (M.L. Sultan Technikon),1975,south africa,ZAF,Sub-Saharan Africa,Upper middle income,IAU-003931,IAU-003931-1,The M.L Sultan Technical College (M.L. Sultan Technikon),,1946,,0,1975,6236,6236,6236,NULL,CD028C
The M.L Sultan Technical College (M.L. Sultan Technikon),1980,south africa,ZAF,Sub-Saharan Africa,Upper middle income,IAU-003931,IAU-003931-1,The M.L Sultan Technical College (M.L. Sultan Technikon),,1946,,0,1980,7355,7355,7355,NULL,CD028C
The M.L Sultan Technical College (M.L. Sultan Technikon),1985,south africa,ZAF,Sub-Saharan Africa,Upper middle income,IAU-003931,IAU-003931-1,The M.L Sultan Technical College (M.L. Sultan Technikon),,1946,,0,1985,4851,4851,4851,NULL,CD028C
The M.L Sultan Technical College (M.L. Sultan Technikon),1990,south africa,ZAF,Sub-Saharan Africa,Upper middle income,IAU-003931,IAU-003931-1,The M.L Sultan Technical College (M.L. Sultan Technikon),,1946,,0,1990,6670,6670,6670,NULL,CD028C
The M.L Sultan Technical College (M.L. Sultan Technikon),1995,south africa,ZAF,Sub-Saharan Africa,Upper middle income,IAU-003931,IAU-003931-1,The M.L Sultan Technical College (M.L. Sultan Technikon),,1946,,0,1995,7250,7250,7250,NULL,CD028C
The M.L Sultan Technical College (M.L. Sultan Technikon),2000,south africa,ZAF,Sub-Saharan Africa,Upper middle income,IAU-003931,IAU-003931-1,The M.L Sultan Technical College (M.L. Sultan Technikon),,1946,,0,2000,7450,7450,7450,NULL,CD028C
The M.L Sultan Technical College (M.L. Sultan Technikon),2005,south africa,ZAF,Sub-Saharan Africa,Upper middle income,IAU-003931,IAU-003931-1,The M.L Sultan Technical College (M.L. Sultan Technikon),,1946,,0,2005,,9274,9274,NULL,CD028C
The M.L Sultan Technical College (M.L. Sultan Technikon),2010,south africa,ZAF,Sub-Saharan Africa,Upper middle income,IAU-003931,IAU-003931-1,The M.L Sultan Technical College (M.L. Sultan Technikon),,1946,,0,2010,,10801,10801,NULL,CD028C
The M.L Sultan Technical College (M.L. Sultan Technikon),2015,south africa,ZAF,Sub-Saharan Africa,Upper middle income,IAU-003931,IAU-003931-1,The M.L Sultan Technical College (M.L. Sultan Technikon),,1946,,0,2015,,15927,15927,NULL,CD028C
The M.L Sultan Technical College (M.L. Sultan Technikon),2020,south africa,ZAF,Sub-Saharan Africa,Upper middle income,IAU-003931,IAU-003931-1,The M.L Sultan Technical College (M.L. Sultan Technikon),,1946,,0,2020,,18437,18437,NULL,CD028C
University Of Buenos Aires,1950,argentina,ARG,Latin America and Caribbean,Upper middle income,IAU-017407,IAU-017407-1,University Of Buenos Aires,Universitï¿½ï¿½ de Buenos Aires (UBA),1821,,0,1950,,60675,60675,Orange                        ,FF5E03
University Of Buenos Aires,1955,argentina,ARG,Latin America and Caribbean,Upper middle income,IAU-017407,IAU-017407-1,University Of Buenos Aires,Universitï¿½ï¿½ de Buenos Aires (UBA),1821,,0,1955,,66415,66415,Orange                        ,FF5E03
University Of Buenos Aires,1960,argentina,ARG,Latin America and Caribbean,Upper middle income,IAU-017407,IAU-017407-1,University Of Buenos Aires,Universitï¿½ï¿½ de Buenos Aires (UBA),1821,,0,1960,72807,72807,72807,Orange                        ,FF5E03
University Of Buenos Aires,1965,argentina,ARG,Latin America and Caribbean,Upper middle income,IAU-017407,IAU-017407-1,University Of Buenos Aires,Universitï¿½ï¿½ de Buenos Aires (UBA),1821,,0,1965,75859,75859,75859,Orange                        ,FF5E03
University Of Buenos Aires,1970,argentina,ARG,Latin America and Caribbean,Upper middle income,IAU-017407,IAU-017407-1,University Of Buenos Aires,Universitï¿½ï¿½ de Buenos Aires (UBA),1821,,0,1970,91006,91006,91006,Orange                        ,FF5E03
University Of Buenos Aires,1975,argentina,ARG,Latin America and Caribbean,Upper middle income,IAU-017407,IAU-017407-1,University Of Buenos Aires,Universitï¿½ï¿½ de Buenos Aires (UBA),1821,,0,1975,167276,167276,167276,Orange                        ,FF5E03
University Of Buenos Aires,1980,argentina,ARG,Latin America and Caribbean,Upper middle income,IAU-017407,IAU-017407-1,University Of Buenos Aires,Universitï¿½ï¿½ de Buenos Aires (UBA),1821,,0,1980,189607,189607,189607,Orange                        ,FF5E03
University Of Buenos Aires,1985,argentina,ARG,Latin America and Caribbean,Upper middle income,IAU-017407,IAU-017407-1,University Of Buenos Aires,Universitï¿½ï¿½ de Buenos Aires (UBA),1821,,0,1985,217726,217726,217726,Orange                        ,FF5E03
University Of Buenos Aires,1990,argentina,ARG,Latin America and Caribbean,Upper middle income,IAU-017407,IAU-017407-1,University Of Buenos Aires,Universitï¿½ï¿½ de Buenos Aires (UBA),1821,,0,1990,239750,239750,239750,Orange                        ,FF5E03
University Of Buenos Aires,1995,argentina,ARG,Latin America and Caribbean,Upper middle income,IAU-017407,IAU-017407-1,University Of Buenos Aires,Universitï¿½ï¿½ de Buenos Aires (UBA),1821,,0,1995,208881,208881,208881,Orange                        ,FF5E03
University Of Buenos Aires,2000,argentina,ARG,Latin America and Caribbean,Upper middle income,IAU-017407,IAU-017407-1,University Of Buenos Aires,Universitï¿½ï¿½ de Buenos Aires (UBA),1821,,0,2000,195401,195401,195401,Orange                        ,FF5E03
University Of Buenos Aires,2005,argentina,ARG,Latin America and Caribbean,Upper middle income,IAU-017407,IAU-017407-1,University Of Buenos Aires,Universitï¿½ï¿½ de Buenos Aires (UBA),1821,,0,2005,260172,260172,260172,Orange                        ,FF5E03
University Of Buenos Aires,2010,argentina,ARG,Latin America and Caribbean,Upper middle income,IAU-017407,IAU-017407-1,University Of Buenos Aires,Universitï¿½ï¿½ de Buenos Aires (UBA),1821,,0,2010,325158,325158,325158,Orange                        ,FF5E03
University Of Buenos Aires,2015,argentina,ARG,Latin America and Caribbean,Upper middle income,IAU-017407,IAU-017407-1,University Of Buenos Aires,Universitï¿½ï¿½ de Buenos Aires (UBA),1821,,0,2015,327100,327100,327100,Orange                        ,FF5E03
University Of Buenos Aires,2020,argentina,ARG,Latin America and Caribbean,Upper middle income,IAU-017407,IAU-017407-1,University Of Buenos Aires,Universitï¿½ï¿½ de Buenos Aires (UBA),1821,,0,2020,325315,325315,325315,Orange                        ,FF5E03
University Of Calcutta,1950,india,IND,South Asia,Lower middle income,IAU-010061,IAU-010061-1,University Of Calcutta,Calcutta University,1857,,0,1950,27582,27582,27582,NULL,FFF642
University Of Calcutta,1955,india,IND,South Asia,Lower middle income,IAU-010061,IAU-010061-1,University Of Calcutta,Calcutta University,1857,,0,1955,20188,20188,20188,NULL,FFF642
University Of Calcutta,1960,india,IND,South Asia,Lower middle income,IAU-010061,IAU-010061-1,University Of Calcutta,Calcutta University,1857,,0,1960,107100,107100,107100,NULL,FFF642
University Of Calcutta,1965,india,IND,South Asia,Lower middle income,IAU-010061,IAU-010061-1,University Of Calcutta,Calcutta University,1857,,0,1965,127181,127181,127181,NULL,FFF642
University Of Calcutta,1970,india,IND,South Asia,Lower middle income,IAU-010061,IAU-010061-1,University Of Calcutta,Calcutta University,1857,,0,1970,189058,189058,189058,NULL,FFF642
University Of Calcutta,1975,india,IND,South Asia,Lower middle income,IAU-010061,IAU-010061-1,University Of Calcutta,Calcutta University,1857,,0,1975,215458,215458,215458,NULL,FFF642
University Of Calcutta,1980,india,IND,South Asia,Lower middle income,IAU-010061,IAU-010061-1,University Of Calcutta,Calcutta University,1857,,0,1980,232386,232386,232386,NULL,FFF642
University Of Calcutta,1985,india,IND,South Asia,Lower middle income,IAU-010061,IAU-010061-1,University Of Calcutta,Calcutta University,1857,,0,1985,234911,234911,234911,NULL,FFF642
University Of Calcutta,1990,india,IND,South Asia,Lower middle income,IAU-010061,IAU-010061-1,University Of Calcutta,Calcutta University,1857,,0,1990,242912,242912,242912,NULL,FFF642
University Of Calcutta,1995,india,IND,South Asia,Lower middle income,IAU-010061,IAU-010061-1,University Of Calcutta,Calcutta University,1857,,0,1995,283888,283888,283888,NULL,FFF642
University Of Calcutta,2000,india,IND,South Asia,Lower middle income,IAU-010061,IAU-010061-1,University Of Calcutta,Calcutta University,1857,,0,2000,230580,230580,230580,NULL,FFF642
University Of Calcutta,2005,india,IND,South Asia,Lower middle income,IAU-010061,IAU-010061-1,University Of Calcutta,Calcutta University,1857,,0,2005,161160,161160,161160,NULL,FFF642
University Of Calcutta,2010,india,IND,South Asia,Lower middle income,IAU-010061,IAU-010061-1,University Of Calcutta,Calcutta University,1857,,0,2010,96439,96439,96439,NULL,FFF642
University Of Calcutta,2015,india,IND,South Asia,Lower middle income,IAU-010061,IAU-010061-1,University Of Calcutta,Calcutta University,1857,,0,2015,61481,61481,61481,NULL,FFF642
University Of Calcutta,2020,india,IND,South Asia,Lower middle income,IAU-010061,IAU-010061-1,University Of Calcutta,Calcutta University,1857,,0,2020,31222,31222,31222,NULL,FFF642
University Of London,1950,united kingdom,GBR,Europe and Central Asia,High income,IAU-020232,IAU-020232-1,University Of London,(UoL),1836,,0,1950,64798,64798,64798,NULL,080A86
University Of London,1955,united kingdom,GBR,Europe and Central Asia,High income,IAU-020232,IAU-020232-1,University Of London,(UoL),1836,,0,1955,66203,66203,66203,NULL,080A86
University Of London,1960,united kingdom,GBR,Europe and Central Asia,High income,IAU-020232,IAU-020232-1,University Of London,(UoL),1836,,0,1960,67959,67959,67959,NULL,080A86
University Of London,1965,united kingdom,GBR,Europe and Central Asia,High income,IAU-020232,IAU-020232-1,University Of London,(UoL),1836,,0,1965,69716,69716,69716,NULL,080A86
University Of London,1970,united kingdom,GBR,Europe and Central Asia,High income,IAU-020232,IAU-020232-1,University Of London,(UoL),1836,,0,1970,70688,70688,70688,NULL,080A86
University Of London,1975,united kingdom,GBR,Europe and Central Asia,High income,IAU-020232,IAU-020232-1,University Of London,(UoL),1836,,0,1975,68659,68659,68659,NULL,080A86
University Of London,1980,united kingdom,GBR,Europe and Central Asia,High income,IAU-020232,IAU-020232-1,University Of London,(UoL),1836,,0,1980,74985,74985,74985,NULL,080A86
University Of London,1985,united kingdom,GBR,Europe and Central Asia,High income,IAU-020232,IAU-020232-1,University Of London,(UoL),1836,,0,1985,64140,64140,64140,NULL,080A86
University Of London,1990,united kingdom,GBR,Europe and Central Asia,High income,IAU-020232,IAU-020232-1,University Of London,(UoL),1836,,0,1990,63838,63838,63838,NULL,080A86
University Of London,1995,united kingdom,GBR,Europe and Central Asia,High income,IAU-020232,IAU-020232-1,University Of London,(UoL),1836,,0,1995,83491,83491,83491,NULL,080A86
University Of London,2000,united kingdom,GBR,Europe and Central Asia,High income,IAU-020232,IAU-020232-1,University Of London,(UoL),1836,,0,2000,101562,101562,101562,NULL,080A86
University Of London,2005,united kingdom,GBR,Europe and Central Asia,High income,IAU-020232,IAU-020232-1,University Of London,(UoL),1836,,0,2005,87296,87296,87296,NULL,080A86
University Of London,2010,united kingdom,GBR,Europe and Central Asia,High income,IAU-020232,IAU-020232-1,University Of London,(UoL),1836,,0,2010,111503,111503,111503,NULL,080A86
University Of London,2015,united kingdom,GBR,Europe and Central Asia,High income,IAU-020232,IAU-020232-1,University Of London,(UoL),1836,,0,2015,127633,127633,127633,NULL,080A86
University Of London,2020,united kingdom,GBR,Europe and Central Asia,High income,IAU-020232,IAU-020232-1,University Of London,(UoL),1836,,0,2020,182373,182373,182373,NULL,080A86
University Of Maryland College Park,1950,united states,USA,North America,High income,IAU-020281,IAU-020281-1,University Of Maryland College Park,University of Maryland College Park,1856,,0,1950,,42861,42861,NULL,7624AC
University Of Maryland College Park,1955,united states,USA,North America,High income,IAU-020281,IAU-020281-1,University Of Maryland College Park,University of Maryland College Park,1856,,0,1955,,42936,42936,NULL,7624AC
University Of Maryland College Park,1960,united states,USA,North America,High income,IAU-020281,IAU-020281-1,University Of Maryland College Park,University of Maryland College Park,1856,,0,1960,,49925,49925,NULL,7624AC
University Of Maryland College Park,1965,united states,USA,North America,High income,IAU-020281,IAU-020281-1,University Of Maryland College Park,University of Maryland College Park,1856,,0,1965,,46544,46544,NULL,7624AC
University Of Maryland College Park,1970,united states,USA,North America,High income,IAU-020281,IAU-020281-1,University Of Maryland College Park,University of Maryland College Park,1856,,0,1970,43163,43163,43163,NULL,7624AC
University Of Maryland College Park,1975,united states,USA,North America,High income,IAU-020281,IAU-020281-1,University Of Maryland College Park,University of Maryland College Park,1856,,0,1975,36325,36325,36325,NULL,7624AC
University Of Maryland College Park,1980,united states,USA,North America,High income,IAU-020281,IAU-020281-1,University Of Maryland College Park,University of Maryland College Park,1856,,0,1980,37578,37578,37578,NULL,7624AC
University Of Maryland College Park,1985,united states,USA,North America,High income,IAU-020281,IAU-020281-1,University Of Maryland College Park,University of Maryland College Park,1856,,0,1985,37843,37843,37843,NULL,7624AC
University Of Maryland College Park,1990,united states,USA,North America,High income,IAU-020281,IAU-020281-1,University Of Maryland College Park,University of Maryland College Park,1856,,0,1990,32532,32532,32532,NULL,7624AC
University Of Maryland College Park,1995,united states,USA,North America,High income,IAU-020281,IAU-020281-1,University Of Maryland College Park,University of Maryland College Park,1856,,0,1995,28467,28467,28467,NULL,7624AC
University Of Maryland College Park,2000,united states,USA,North America,High income,IAU-020281,IAU-020281-1,University Of Maryland College Park,University of Maryland College Park,1856,,0,2000,28545,28545,28545,NULL,7624AC
University Of Maryland College Park,2005,united states,USA,North America,High income,IAU-020281,IAU-020281-1,University Of Maryland College Park,University of Maryland College Park,1856,,0,2005,28889,28889,28889,NULL,7624AC
University Of Maryland College Park,2010,united states,USA,North America,High income,IAU-020281,IAU-020281-1,University Of Maryland College Park,University of Maryland College Park,1856,,0,2010,30553,30553,30553,NULL,7624AC
University Of Maryland College Park,2015,united states,USA,North America,High income,IAU-020281,IAU-020281-1,University Of Maryland College Park,University of Maryland College Park,1856,,0,2015,33263,33263,33263,NULL,7624AC
University Of Maryland College Park,2020,united states,USA,North America,High income,IAU-020281,IAU-020281-1,University Of Maryland College Park,University of Maryland College Park,1856,,0,2020,41200,41200,41200,NULL,7624AC
University Of Mumbai,1950,india,IND,South Asia,Lower middle income,IAU-020317,IAU-020317-1,University Of Mumbai,University of Mumbai,1857,,0,1950,25849,25849,25849,NULL,FFFBAF
University Of Mumbai,1955,india,IND,South Asia,Lower middle income,IAU-020317,IAU-020317-1,University Of Mumbai,University of Mumbai,1857,,0,1955,27629,27629,27629,NULL,FFFBAF
University Of Mumbai,1960,india,IND,South Asia,Lower middle income,IAU-020317,IAU-020317-1,University Of Mumbai,University of Mumbai,1857,,0,1960,47820,47820,47820,NULL,FFFBAF
University Of Mumbai,1965,india,IND,South Asia,Lower middle income,IAU-020317,IAU-020317-1,University Of Mumbai,University of Mumbai,1857,,0,1965,62037,62037,62037,NULL,FFFBAF
University Of Mumbai,1970,india,IND,South Asia,Lower middle income,IAU-020317,IAU-020317-1,University Of Mumbai,University of Mumbai,1857,,0,1970,89209,89209,89209,NULL,FFFBAF
University Of Mumbai,1975,india,IND,South Asia,Lower middle income,IAU-020317,IAU-020317-1,University Of Mumbai,University of Mumbai,1857,,0,1975,106667,106667,106667,NULL,FFFBAF
University Of Mumbai,1980,india,IND,South Asia,Lower middle income,IAU-020317,IAU-020317-1,University Of Mumbai,University of Mumbai,1857,,0,1980,138976,138976,138976,NULL,FFFBAF
University Of Mumbai,1985,india,IND,South Asia,Lower middle income,IAU-020317,IAU-020317-1,University Of Mumbai,University of Mumbai,1857,,0,1985,149102,149102,149102,NULL,FFFBAF
University Of Mumbai,1990,india,IND,South Asia,Lower middle income,IAU-020317,IAU-020317-1,University Of Mumbai,University of Mumbai,1857,,0,1990,167605,167605,167605,NULL,FFFBAF
University Of Mumbai,1995,india,IND,South Asia,Lower middle income,IAU-020317,IAU-020317-1,University Of Mumbai,University of Mumbai,1857,,0,1995,220183,220183,220183,NULL,FFFBAF
University Of Mumbai,2000,india,IND,South Asia,Lower middle income,IAU-020317,IAU-020317-1,University Of Mumbai,University of Mumbai,1857,,0,2000,250645,250645,250645,NULL,FFFBAF
University Of Mumbai,2005,india,IND,South Asia,Lower middle income,IAU-020317,IAU-020317-1,University Of Mumbai,University of Mumbai,1857,,0,2005,204447,204447,204447,NULL,FFFBAF
University Of Mumbai,2010,india,IND,South Asia,Lower middle income,IAU-020317,IAU-020317-1,University Of Mumbai,University of Mumbai,1857,,0,2010,146545,146545,146545,NULL,FFFBAF
University Of Mumbai,2015,india,IND,South Asia,Lower middle income,IAU-020317,IAU-020317-1,University Of Mumbai,University of Mumbai,1857,,0,2015,88642,88642,88642,NULL,FFFBAF
University Of Mumbai,2020,india,IND,South Asia,Lower middle income,IAU-020317,IAU-020317-1,University Of Mumbai,University of Mumbai,1857,,0,2020,30740,30740,30740,NULL,FFFBAF
University Of Rome Sapienza,1950,italy,ITA,Europe and Central Asia,High income,IAU-014486,IAU-014486-1,University Of Rome Sapienza,Sapienza Universitï¿½ï¿½ di Roma,1303,,0,1950,39464,39464,39464,NULL,D1D2FF
University Of Rome Sapienza,1955,italy,ITA,Europe and Central Asia,High income,IAU-014486,IAU-014486-1,University Of Rome Sapienza,Sapienza Universitï¿½ï¿½ di Roma,1303,,0,1955,37322,37322,37322,NULL,D1D2FF
University Of Rome Sapienza,1960,italy,ITA,Europe and Central Asia,High income,IAU-014486,IAU-014486-1,University Of Rome Sapienza,Sapienza Universitï¿½ï¿½ di Roma,1303,,0,1960,36868,36868,36868,NULL,D1D2FF
University Of Rome Sapienza,1965,italy,ITA,Europe and Central Asia,High income,IAU-014486,IAU-014486-1,University Of Rome Sapienza,Sapienza Universitï¿½ï¿½ di Roma,1303,,0,1965,50457,50457,50457,NULL,D1D2FF
University Of Rome Sapienza,1970,italy,ITA,Europe and Central Asia,High income,IAU-014486,IAU-014486-1,University Of Rome Sapienza,Sapienza Universitï¿½ï¿½ di Roma,1303,,0,1970,66660,66660,66660,NULL,D1D2FF
University Of Rome Sapienza,1975,italy,ITA,Europe and Central Asia,High income,IAU-014486,IAU-014486-1,University Of Rome Sapienza,Sapienza Universitï¿½ï¿½ di Roma,1303,,0,1975,92040,92040,92040,NULL,D1D2FF
University Of Rome Sapienza,1980,italy,ITA,Europe and Central Asia,High income,IAU-014486,IAU-014486-1,University Of Rome Sapienza,Sapienza Universitï¿½ï¿½ di Roma,1303,,0,1980,146040,146040,146040,NULL,D1D2FF
University Of Rome Sapienza,1985,italy,ITA,Europe and Central Asia,High income,IAU-014486,IAU-014486-1,University Of Rome Sapienza,Sapienza Universitï¿½ï¿½ di Roma,1303,,0,1985,176640,176640,176640,NULL,D1D2FF
University Of Rome Sapienza,1990,italy,ITA,Europe and Central Asia,High income,IAU-014486,IAU-014486-1,University Of Rome Sapienza,Sapienza Universitï¿½ï¿½ di Roma,1303,,0,1990,182000,182000,182000,NULL,D1D2FF
University Of Rome Sapienza,1995,italy,ITA,Europe and Central Asia,High income,IAU-014486,IAU-014486-1,University Of Rome Sapienza,Sapienza Universitï¿½ï¿½ di Roma,1303,,0,1995,184360,184360,184360,NULL,D1D2FF
University Of Rome Sapienza,2000,italy,ITA,Europe and Central Asia,High income,IAU-014486,IAU-014486-1,University Of Rome Sapienza,Sapienza Universitï¿½ï¿½ di Roma,1303,,0,2000,186439,186439,186439,NULL,D1D2FF
University Of Rome Sapienza,2005,italy,ITA,Europe and Central Asia,High income,IAU-014486,IAU-014486-1,University Of Rome Sapienza,Sapienza Universitï¿½ï¿½ di Roma,1303,,0,2005,172666,172666,172666,NULL,D1D2FF
University Of Rome Sapienza,2010,italy,ITA,Europe and Central Asia,High income,IAU-014486,IAU-014486-1,University Of Rome Sapienza,Sapienza Universitï¿½ï¿½ di Roma,1303,,0,2010,156333,156333,156333,NULL,D1D2FF
University Of Rome Sapienza,2015,italy,ITA,Europe and Central Asia,High income,IAU-014486,IAU-014486-1,University Of Rome Sapienza,Sapienza Universitï¿½ï¿½ di Roma,1303,,0,2015,139608,139608,139608,NULL,D1D2FF
University Of Rome Sapienza,2020,italy,ITA,Europe and Central Asia,High income,IAU-014486,IAU-014486-1,University Of Rome Sapienza,Sapienza Universitï¿½ï¿½ di Roma,1303,,0,2020,120402,120402,120402,NULL,D1D2FF
University Of South Africa,1950,south africa,ZAF,Sub-Saharan Africa,Upper middle income,IAU-020493,IAU-020493-1,University Of South Africa,University of South Africa - Universiteit van Suid-Afrika (UNISA),1873,,0,1950,5894,5894,5894,NULL,F061C2
University Of South Africa,1955,south africa,ZAF,Sub-Saharan Africa,Upper middle income,IAU-020493,IAU-020493-1,University Of South Africa,University of South Africa - Universiteit van Suid-Afrika (UNISA),1873,,0,1955,5642,5642,5642,NULL,F061C2
University Of South Africa,1960,south africa,ZAF,Sub-Saharan Africa,Upper middle income,IAU-020493,IAU-020493-1,University Of South Africa,University of South Africa - Universiteit van Suid-Afrika (UNISA),1873,,0,1960,9720,9720,9720,NULL,F061C2
University Of South Africa,1965,south africa,ZAF,Sub-Saharan Africa,Upper middle income,IAU-020493,IAU-020493-1,University Of South Africa,University of South Africa - Universiteit van Suid-Afrika (UNISA),1873,,0,1965,17335,17335,17335,NULL,F061C2
University Of South Africa,1970,south africa,ZAF,Sub-Saharan Africa,Upper middle income,IAU-020493,IAU-020493-1,University Of South Africa,University of South Africa - Universiteit van Suid-Afrika (UNISA),1873,,0,1970,22621,22621,22621,NULL,F061C2
University Of South Africa,1975,south africa,ZAF,Sub-Saharan Africa,Upper middle income,IAU-020493,IAU-020493-1,University Of South Africa,University of South Africa - Universiteit van Suid-Afrika (UNISA),1873,,0,1975,33666,33666,33666,NULL,F061C2
University Of South Africa,1980,south africa,ZAF,Sub-Saharan Africa,Upper middle income,IAU-020493,IAU-020493-1,University Of South Africa,University of South Africa - Universiteit van Suid-Afrika (UNISA),1873,,0,1980,53730,53730,53730,NULL,F061C2
University Of South Africa,1985,south africa,ZAF,Sub-Saharan Africa,Upper middle income,IAU-020493,IAU-020493-1,University Of South Africa,University of South Africa - Universiteit van Suid-Afrika (UNISA),1873,,0,1985,65074,65074,65074,NULL,F061C2
University Of South Africa,1990,south africa,ZAF,Sub-Saharan Africa,Upper middle income,IAU-020493,IAU-020493-1,University Of South Africa,University of South Africa - Universiteit van Suid-Afrika (UNISA),1873,,0,1990,98024,98024,98024,NULL,F061C2
University Of South Africa,1995,south africa,ZAF,Sub-Saharan Africa,Upper middle income,IAU-020493,IAU-020493-1,University Of South Africa,University of South Africa - Universiteit van Suid-Afrika (UNISA),1873,,0,1995,121855,121855,121855,NULL,F061C2
University Of South Africa,2000,south africa,ZAF,Sub-Saharan Africa,Upper middle income,IAU-020493,IAU-020493-1,University Of South Africa,University of South Africa - Universiteit van Suid-Afrika (UNISA),1873,,0,2000,128093,128093,128093,NULL,F061C2
University Of South Africa,2005,south africa,ZAF,Sub-Saharan Africa,Upper middle income,IAU-020493,IAU-020493-1,University Of South Africa,University of South Africa - Universiteit van Suid-Afrika (UNISA),1873,,0,2005,197358,197358,197358,NULL,F061C2
University Of South Africa,2010,south africa,ZAF,Sub-Saharan Africa,Upper middle income,IAU-020493,IAU-020493-1,University Of South Africa,University of South Africa - Universiteit van Suid-Afrika (UNISA),1873,,0,2010,260945,260945,260945,NULL,F061C2
University Of South Africa,2015,south africa,ZAF,Sub-Saharan Africa,Upper middle income,IAU-020493,IAU-020493-1,University Of South Africa,University of South Africa - Universiteit van Suid-Afrika (UNISA),1873,,0,2015,326468,326468,326468,NULL,F061C2
University Of South Africa,2020,south africa,ZAF,Sub-Saharan Africa,Upper middle income,IAU-020493,IAU-020493-1,University Of South Africa,University of South Africa - Universiteit van Suid-Afrika (UNISA),1873,,0,2020,383530,383530,383530,NULL,F061C2
University Of Tehran,1950,iran,IRN,Middle East and North Africa,Upper middle income,IAU-003547,IAU-003547-1,University Of Tehran,Tehran University (UT),1851,,0,1950,,9477,9477,NULL,02FA37
University Of Tehran,1955,iran,IRN,Middle East and North Africa,Upper middle income,IAU-003547,IAU-003547-1,University Of Tehran,Tehran University (UT),1851,,0,1955,,10995,10995,NULL,02FA37
University Of Tehran,1960,iran,IRN,Middle East and North Africa,Upper middle income,IAU-003547,IAU-003547-1,University Of Tehran,Tehran University (UT),1851,,0,1960,12593,12593,12593,NULL,02FA37
University Of Tehran,1965,iran,IRN,Middle East and North Africa,Upper middle income,IAU-003547,IAU-003547-1,University Of Tehran,Tehran University (UT),1851,,0,1965,14374,14374,14374,NULL,02FA37
University Of Tehran,1970,iran,IRN,Middle East and North Africa,Upper middle income,IAU-003547,IAU-003547-1,University Of Tehran,Tehran University (UT),1851,,0,1970,16640,16640,16640,NULL,02FA37
University Of Tehran,1975,iran,IRN,Middle East and North Africa,Upper middle income,IAU-003547,IAU-003547-1,University Of Tehran,Tehran University (UT),1851,,0,1975,18184,18184,18184,NULL,02FA37
University Of Tehran,1980,iran,IRN,Middle East and North Africa,Upper middle income,IAU-003547,IAU-003547-1,University Of Tehran,Tehran University (UT),1851,,0,1980,20908,20908,20908,NULL,02FA37
University Of Tehran,1985,iran,IRN,Middle East and North Africa,Upper middle income,IAU-003547,IAU-003547-1,University Of Tehran,Tehran University (UT),1851,,0,1985,23135,23135,23135,NULL,02FA37
University Of Tehran,1990,iran,IRN,Middle East and North Africa,Upper middle income,IAU-003547,IAU-003547-1,University Of Tehran,Tehran University (UT),1851,,0,1990,25733,25733,25733,NULL,02FA37
University Of Tehran,1995,iran,IRN,Middle East and North Africa,Upper middle income,IAU-003547,IAU-003547-1,University Of Tehran,Tehran University (UT),1851,,0,1995,28263,28263,28263,NULL,02FA37
University Of Tehran,2000,iran,IRN,Middle East and North Africa,Upper middle income,IAU-003547,IAU-003547-1,University Of Tehran,Tehran University (UT),1851,,0,2000,30788,30788,30788,NULL,02FA37
University Of Tehran,2005,iran,IRN,Middle East and North Africa,Upper middle income,IAU-003547,IAU-003547-1,University Of Tehran,Tehran University (UT),1851,,0,2005,33315,33315,33315,NULL,02FA37
University Of Tehran,2010,iran,IRN,Middle East and North Africa,Upper middle income,IAU-003547,IAU-003547-1,University Of Tehran,Tehran University (UT),1851,,0,2010,35852,35852,35852,NULL,02FA37
University Of Tehran,2015,iran,IRN,Middle East and North Africa,Upper middle income,IAU-003547,IAU-003547-1,University Of Tehran,Tehran University (UT),1851,,0,2015,40353,40353,40353,NULL,02FA37
University Of Tehran,2020,iran,IRN,Middle East and North Africa,Upper middle income,IAU-003547,IAU-003547-1,University Of Tehran,Tehran University (UT),1851,,0,2020,51883,51883,51883,NULL,02FA37
